GROUP,PACKAGE,CLASS,INSTRUCTION_MISSED,INSTRUCTION_COVERED,BRANCH_MISSED,BRANCH_COVERED,LINE_MISSED,LINE_COVERED,COMPLEXITY_MISSED,COMPLEXITY_COVERED,METHOD_MISSED,METHOD_COVERED
project-final-assignment-OOP,com.exercise.maven.project_final_assignment_OOP.CalculatorClasses,SimpleCalculator,0,28,0,2,0,8,0,6,0,5
project-final-assignment-OOP,com.exercise.maven.project_final_assignment_OOP.CalculatorClasses,AdvancedCalculator,0,145,0,22,0,40,0,18,0,7
project-final-assignment-OOP,com.exercise.maven.project_final_assignment_OOP.MainClass,CalculatorWindow.new ActionListener() {...},14,0,0,0,3,0,2,0,2,0
project-final-assignment-OOP,com.exercise.maven.project_final_assignment_OOP.MainClass,CalculatorWindow.new ActionListener() {...},14,0,2,0,4,0,3,0,2,0
project-final-assignment-OOP,com.exercise.maven.project_final_assignment_OOP.MainClass,CalculatorWindow.new ActionListener() {...},10,0,0,0,3,0,2,0,2,0
project-final-assignment-OOP,com.exercise.maven.project_final_assignment_OOP.MainClass,CalculatorWindow.new ActionListener() {...},10,0,0,0,3,0,2,0,2,0
project-final-assignment-OOP,com.exercise.maven.project_final_assignment_OOP.MainClass,CalculatorWindow.new ActionListener() {...},14,0,0,0,3,0,2,0,2,0
project-final-assignment-OOP,com.exercise.maven.project_final_assignment_OOP.MainClass,Main.new Runnable() {...},12,0,0,0,6,0,2,0,2,0
project-final-assignment-OOP,com.exercise.maven.project_final_assignment_OOP.MainClass,CalculatorWindow.new ActionListener() {...},10,0,0,0,3,0,2,0,2,0
project-final-assignment-OOP,com.exercise.maven.project_final_assignment_OOP.MainClass,CalculatorWindow.new ActionListener() {...},14,0,2,0,4,0,3,0,2,0
project-final-assignment-OOP,com.exercise.maven.project_final_assignment_OOP.MainClass,CalculatorWindow.new ActionListener() {...},10,0,0,0,3,0,2,0,2,0
project-final-assignment-OOP,com.exercise.maven.project_final_assignment_OOP.MainClass,CalculatorWindow.new ActionListener() {...},10,0,0,0,3,0,2,0,2,0
project-final-assignment-OOP,com.exercise.maven.project_final_assignment_OOP.MainClass,Main,8,0,0,0,3,0,2,0,2,0
project-final-assignment-OOP,com.exercise.maven.project_final_assignment_OOP.MainClass,CalculatorWindow.new ActionListener() {...},14,0,0,0,3,0,2,0,2,0
project-final-assignment-OOP,com.exercise.maven.project_final_assignment_OOP.MainClass,CalculatorWindow.new ActionListener() {...},14,0,0,0,3,0,2,0,2,0
project-final-assignment-OOP,com.exercise.maven.project_final_assignment_OOP.MainClass,CalculatorWindow.new ActionListener() {...},14,0,2,0,4,0,3,0,2,0
project-final-assignment-OOP,com.exercise.maven.project_final_assignment_OOP.MainClass,CalculatorWindow.new ActionListener() {...},14,0,2,0,4,0,3,0,2,0
project-final-assignment-OOP,com.exercise.maven.project_final_assignment_OOP.MainClass,CalculatorWindow.new ActionListener() {...},14,0,0,0,3,0,2,0,2,0
project-final-assignment-OOP,com.exercise.maven.project_final_assignment_OOP.MainClass,CalculatorWindow.new ActionListener() {...},14,0,0,0,4,0,2,0,2,0
project-final-assignment-OOP,com.exercise.maven.project_final_assignment_OOP.MainClass,CalculatorWindow.new ActionListener() {...},14,0,0,0,3,0,2,0,2,0
project-final-assignment-OOP,com.exercise.maven.project_final_assignment_OOP.MainClass,CalculatorWindow.new ActionListener() {...},10,0,0,0,3,0,2,0,2,0
project-final-assignment-OOP,com.exercise.maven.project_final_assignment_OOP.MainClass,CalculatorWindow.new ActionListener() {...},14,0,0,0,3,0,2,0,2,0
project-final-assignment-OOP,com.exercise.maven.project_final_assignment_OOP.MainClass,CalculatorWindow.new ActionListener() {...},14,0,2,0,4,0,3,0,2,0
project-final-assignment-OOP,com.exercise.maven.project_final_assignment_OOP.MainClass,CalculatorWindow.new ActionListener() {...},14,0,0,0,3,0,2,0,2,0
project-final-assignment-OOP,com.exercise.maven.project_final_assignment_OOP.MainClass,CalculatorWindow.new ActionListener() {...},10,0,0,0,3,0,2,0,2,0
project-final-assignment-OOP,com.exercise.maven.project_final_assignment_OOP.MainClass,CalculatorWindow.new ActionListener() {...},14,0,2,0,4,0,3,0,2,0
project-final-assignment-OOP,com.exercise.maven.project_final_assignment_OOP.MainClass,CalculatorWindow.new ActionListener() {...},14,0,0,0,3,0,2,0,2,0
project-final-assignment-OOP,com.exercise.maven.project_final_assignment_OOP.MainClass,CalculatorWindow.new ActionListener() {...},14,0,0,0,3,0,2,0,2,0
project-final-assignment-OOP,com.exercise.maven.project_final_assignment_OOP.MainClass,CalculatorWindow.new ActionListener() {...},10,0,0,0,3,0,2,0,2,0
project-final-assignment-OOP,com.exercise.maven.project_final_assignment_OOP.MainClass,CalculatorWindow.new ActionListener() {...},10,0,0,0,3,0,2,0,2,0
project-final-assignment-OOP,com.exercise.maven.project_final_assignment_OOP.MainClass,CalculatorWindow.new ActionListener() {...},10,0,0,0,3,0,2,0,2,0
project-final-assignment-OOP,com.exercise.maven.project_final_assignment_OOP.MainClass,CalculatorWindow,2177,0,59,0,438,0,70,0,38,0
project-final-assignment-OOP,com.exercise.maven.project_final_assignment_OOP.MainClass,CalculatorWindow.new ActionListener() {...},10,0,0,0,3,0,2,0,2,0
